State,Id,type,flux_calue,flux_std,lb,ub
reaction,r1_SubsGlc,fixed,100,1,10,300
reaction,r2_pgi,free,98.21855207,1,0.0001,1000
reaction,r3_pgi,free,4.449122945,1,0.0001,1000
reaction,r4_pfk,free,96.40314304,1,0.0001,1000
reaction,r5_fba,free,829.5067112,1,0.0001,1000
reaction,r6_fba,free,733.1035682,1,0.0001,1000
reaction,r7_tpi,free,1013.013112,1,0.0001,1000
reaction,r8_tpi,free,917.019969,1,500,1000
reaction,r9_gapdh,free,418.6882346,1,0.0001,1000
reaction,r10_gapdh,free,224.9750915,1,0.0001,1000
reaction,r11_peph,free,961.3918641,1,0.0001,1000
reaction,r12_peph,free,767.6787311,1,0.0001,1000
reaction,r13_pk,free,193.713133,1,0.0001,1000
reaction,r16_pyrdh,free,52.34311304,1,0.0001,1000
reaction,r17_cs,free,61.19311304,1,0.0001,1000
reaction,r18_idh,free,987.7058086,1,0.0001,1000
reaction,r19_idh,free,992.3326956,1,0.0001,1000
reaction,r20_akgdh,free,13.01311304,1,0.0001,1000
reaction,r21_sdh,free,964.8497585,1,0.0001,1000
reaction,r22_sdh,free,948.2566455,1,0.0001,1000
reaction,r23_fh,free,16.59311404,1,0.0001,1000
reaction,r24_fh,free,0.000001,1,0.0001,1000
reaction,r25_mdh,free,254.4662024,1,0.0001,1000
reaction,r26_mdh,free,304.661389,1,0.0001,1000
reaction,r27_pc,free,48.22831964,1,0.0001,1000
reaction,r28_mae,free,66.78829964,1,0.0001,1000
reaction,r29_g6pdh,free,5.22057088,1,0.0001,1000
reaction,r30_pgd,free,5.22057088,1,0.0001,1000
reaction,r31_ri,free,374.7625704,1,0.0001,1000
reaction,r32_ri,free,372.1757135,1,0.0001,1000
reaction,r33_rbe,free,2.63371492,1,0.0001,1000
reaction,r34_rbe,free,0.000001,1,0.0001,1000
reaction,r35_tkt,free,548.8706849,1,0.0001,1000
reaction,r36_tkt,free,547.553828,1,0.0001,1000
reaction,r37_tal,free,1.31685796,1,0.0001,1000
reaction,r38_tal,free,0.000001,1,0.0001,1000
reaction,r39_tkt,free,719.474523,1,0.0001,1000
reaction,r40_tkt,free,718.157666,1,0.0001,1000
reaction,r41_ldh,free,156.06,1,0.0001,1000
reaction,r42_Lac_ex,free,161.9047619,1,50,300
reaction,r43_acss1,free,0,1,0.0001,1000
reaction,r44_acss2,free,0,1,0.0001,1000
reaction,r45_Ace_ex,fixed,1.00E-05,1,0.0001,1000
reaction,r46_SubsGln,free,10,1,0,50
reaction,r47_gls,free,25.02,1,0.0001,1000
reaction,r48_gls,free,0,1,0.0001,1000
reaction,r49_gludh,free,17.64,1,0.0001,1000
reaction,r50_gludh,free,0,1,0.0001,1000
reaction,r51_Glu_ex,fixed,1.00E-05,1,0.0001,1000
reaction,r52_pro,free,2.71,1,0.0001,1000
reaction,r53_Pro_ex,fixed,1.00E-05,1,0.0001,1000
reaction,r54_asp,free,2.66002,1,0.0001,1000
reaction,r55_Asp_ex,fixed,1.00E-05,1,0.0001,1000
reaction,r56_asns,free,1.00001,1,0.0001,1000
reaction,r57_Asn_ex,fixed,1.00E-05,1,0.0001,1000
reaction,r58_gpt_m,free,3.87,1,0.0001,1000
reaction,r59_Ala_ex,fixed,1.00E-05,1,0.0001,1000
reaction,r60_SubsSer,fixed,1.00E-05,1,0.0001,1000
reaction,r61_ser,free,1.00E-05,1,0.0001,1000
reaction,r62_sht,free,3.88,1,0.0001,1000
reaction,r64_Ser_ex,fixed,0.00001,1,0.0001,1000
reaction,r65_SubsGly,fixed,0.00001,1,0.0001,1000
reaction,r66_gly_deg,fixed,0.00001,1,0.0001,1000
reaction,r67_Gly_ex,fixed,0.00001,1,0.0001,1000
reaction,r68_SubsLeu,fixed,0.00001,1,0.0001,1000
reaction,r69_leu_deg,free,2.04,1,0.0001,1000
reaction,r70_leu_deg,free,2.04,1,0.0001,1000
reaction,r71_leu_deg,free,2.04,1,0.0001,1000
reaction,r72_SubsIle,fixed,0.00001,1,0.0001,1000
reaction,r73_ile_deg,free,2.73,1,0.0001,1000
reaction,r74_SucDummy,free,3.58,1,0.0001,1000
reaction,r75_SubsVal,fixed,0.00001,1,0.0001,1000
reaction,r76_val_deg,free,0.85,1,0.0001,1000
reaction,r77_SubsArg,fixed,0.00001,1,0.0001,1000
reaction,r78_arg_deg,free,1.47,1,0.0001,1000
reaction,r79_SubsCys,fixed,0.00001,1,0.0001,1000
reaction,r80_cys_ser,free,1.81,1,0.0001,1000
reaction,r82_acl,free,65.82,1,0.0001,1000
reaction,r83_AcCOA_BIO,free,4.249335753,1,0.0001,1000
reaction,r84_G6P_BIO,fixed,0,1,0.0001,1000
reaction,r85_R5P_BIO,fixed,0,1,0.0001,1000
reaction,r86_DHAP_BIO,fixed,0,1,0.0001,1000
reaction,r87_Ser_BIO,fixed,0,1,0.0001,1000
reaction,r88_Gly_BIO,fixed,0,1,0.0001,1000
reaction,r89_Ala_BIO,fixed,0,1,0.0001,1000
reaction,r90_Asp_BIO,fixed,0,1,0.0001,1000
reaction,r91_Asn_BIO,fixed,0,1,0.0001,1000
reaction,r92_Glu_BIO,fixed,0,1,0.0001,1000
reaction,r93_Gln_BIO,fixed,0,1,0.0001,1000
reaction,r94_Pro_BIO,fixed,0,1,0.0001,1000
reaction,r95_Arg_BIO,fixed,0,1,0.0001,1000
reaction,r96_Leu_BIO,fixed,0,1,0.0001,1000
reaction,r97_Ile_BIO,fixed,0,1,0.0001,1000
reaction,r98_Val_BIO,fixed,0,1,0.0001,1000
reaction,r99_Cys_BIO,fixed,0,1,0.0001,1000
reaction,r100_CO2,free,1000,1,0.0001,1000
reaction,r101_CO2,free,921.11011,1,0.0001,1000
reversible,PGI,free,1,1,0.0001,300
reversible,FBA,free,1,1,0.0001,300
reversible,TPI,free,1,1,0.0001,300
reversible,GAPDH,free,1,1,0.0001,300
reversible,PEPH,free,1,1,0.0001,300
reversible,IDH,free,1,1,-100,300
reversible,SDH,free,1,1,-100,300
reversible,FH,free,1,1,-100,300
reversible,MDH,free,1,1,-100,300
reversible,RPI,free,1,1,-100,300
reversible,RBE,free,1,1,-100,300
reversible,TKT1,free,1,1,-100,300
reversible,TAL,free,1,1,-100,300
reversible,TKT2,free,1,1,-100,300
reversible,GLS,free,1,1,-100,300
reversible,GLUDH,free,1,1,-100,300
metabolite,SubsGlc,fixed,10,1,0.001,100
metabolite,G6P,fixed,10,1,0.001,100
metabolite,F6P,fixed,10,1,0.001,100
metabolite,FBP,fixed,10,1,0.001,100
metabolite,DHAP,fixed,10,1,0.001,100
metabolite,GAP,fixed,10,1,0.001,100
metabolite,PGA,fixed,10,1,0.001,100
metabolite,PEP,fixed,10,1,0.001,100
metabolite,Pyr,fixed,10,1,0.001,100
metabolite,PyrEx,fixed,10,1,0.001,100
metabolite,AcCOAmit,fixed,10,1,0.001,100
metabolite,Oxa,fixed,10,1,0.001,100
metabolite,Cit,fixed,10,1,0.001,100
metabolite,aKG,fixed,10,1,0.001,100
metabolite,Suc,fixed,10,1,0.001,100
metabolite,Fum,fixed,10,1,0.001,100
metabolite,Mal,fixed,10,1,0.001,100
metabolite,Malcyt,fixed,10,1,0.001,100
metabolite,m6PG,fixed,10,1,0.001,100
metabolite,Ru5P,fixed,10,1,0.001,100
metabolite,R5P,fixed,10,1,0.001,100
metabolite,Xu5P,fixed,10,1,0.001,100
metabolite,S7P,fixed,10,1,0.001,100
metabolite,E4P,fixed,10,1,0.001,100
metabolite,Lac,fixed,10,1,0.001,100
metabolite,LacEx,fixed,10,1,0.001,100
metabolite,AcCOAcyt,fixed,10,1,0.001,100
metabolite,Acetate,fixed,10,1,0.001,100
metabolite,AceEx,fixed,10,1,0.001,100
metabolite,SubsGln,fixed,10,1,0.001,100
metabolite,Gln,fixed,10,1,0.001,100
metabolite,Glu,fixed,10,1,0.001,100
metabolite,GluEx,fixed,10,1,0.001,100
metabolite,Pro,fixed,10,1,0.001,100
metabolite,ProEx,fixed,10,1,0.001,100
metabolite,Asp,fixed,10,1,0.001,100
metabolite,AspEx,fixed,10,1,0.001,100
metabolite,Asn,fixed,10,1,0.001,100
metabolite,AsnEx,fixed,10,1,0.001,100
metabolite,Ala,fixed,10,1,0.001,100
metabolite,AlaEx,fixed,10,1,0.001,100
metabolite,SubsSer,fixed,10,1,0.001,100
metabolite,Ser,fixed,10,1,0.001,100
metabolite,SerEx,fixed,10,1,0.001,100
metabolite,SubsGly,fixed,10,1,0.001,100
metabolite,Gly,fixed,10,1,0.001,100
metabolite,GlyDeg,fixed,10,1,0.001,100
metabolite,GlyEx,fixed,10,1,0.001,100
metabolite,SubsLeu,fixed,10,1,0.001,100
metabolite,Leu,fixed,10,1,0.001,100
metabolite,preAcCOA,fixed,10,1,0.001,100
metabolite,AcCOAmit2,fixed,10,1,0.001,100
metabolite,SubsIle,fixed,10,1,0.001,100
metabolite,Ile,fixed,10,1,0.001,100
metabolite,SucDummy,fixed,10,1,0.001,100
metabolite,SubsVal,fixed,10,1,0.001,100
metabolite,Val,fixed,10,1,0.001,100
metabolite,SubsArg,fixed,10,1,0.001,100
metabolite,Arg,fixed,10,1,0.001,100
metabolite,SubsCys,fixed,10,1,0.001,100
metabolite,Cys,fixed,10,1,0.001,100
metabolite,SubsCO2,fixed,10,1,0.001,100
metabolite,CO2in,fixed,10,1,0.001,100
metabolite,CO2Ex,fixed,10,1,0.001,100
metabolite,AcCOABiomass,fixed,10,1,0.001,100
metabolite,G6PBiomass,fixed,10,1,0.001,100
metabolite,R5PBiomass,fixed,10,1,0.001,100
metabolite,DHAPBiomass,fixed,10,1,0.001,100
metabolite,SerBiomass,fixed,10,1,0.001,100
metabolite,GlyBiomass,fixed,10,1,0.001,100
metabolite,AlaBiomass,fixed,10,1,0.001,100
metabolite,AspBiomass,fixed,10,1,0.001,100
metabolite,AsnBiomass,fixed,10,1,0.001,100
metabolite,GluBiomass,fixed,10,1,0.001,100
metabolite,GlnBiomass,fixed,10,1,0.001,100
metabolite,ProBiomass,fixed,10,1,0.001,100
metabolite,ArgBiomass,fixed,10,1,0.001,100
metabolite,LeuBiomass,fixed,10,1,0.001,100
metabolite,IleBiomass,fixed,10,1,0.001,100
metabolite,ValBiomass,fixed,10,1,0.001,100
metabolite,CysBiomass,fixed,10,1,0.001,100
